{"c_oa": {"google.it": [6, 21, 29, 33, 36, 45, 50, 56, 58, 66, 70, 71, 77, 81, 86, 88, 97, 104, 112, 117, 122, 128, 132, 137, 140, 144, 150, 155, 158, 168, 175, 182, 185, 191, 196, 198, 205, 213, 217, 220, 222, 228, 234, 239, 245, 248, 250, 250, 251, 254, 258, 262, 265, 271, 276, 283, 292, 295, 299, 305, 309, 314, 315, 316, 324, 332, 337, 342, 350, 355, 359, 363, 366, 375, 378, 382, 384, 389, 394, 398, 401, 404, 408, 409, 413, 423, 429, 434, 436, 438, 444, 445, 451, 456, 458, 461, 462, 469, 473, 479], "yahoo.com": [1, 1, 3, 5, 5, 9, 12, 13, 14, 17, 21, 24, 25, 28, 28, 29, 32, 34, 35, 36, 38, 41, 42, 44, 45, 46, 48, 49, 52, 54, 55, 57, 57, 58, 60, 60, 62, 66, 67, 69, 70, 76, 77, 78, 80, 82, 85, 86, 86, 88, 88, 91, 91, 93, 96, 99, 102, 103, 104, 107, 107, 109, 110, 114, 115, 117, 118, 120, 127, 129, 129, 130, 130, 131, 132, 132, 132, 134, 135, 137, 138, 139, 141, 142, 142, 144, 144, 147, 148, 149, 149, 151, 151, 152, 156, 158, 160, 160, 161, 161], "gazzetta.it": [0, 0, 0, 0, 0, 0, 0, 1, 1, 1, 1, 1, 1, 1, 2, 2, 2, 2, 2, 2, 3, 3, 3, 3, 3, 3, 3, 3, 3, 3, 3, 4, 4, 4, 5, 5, 5, 5, 5, 5, 5, 5, 5, 5, 5, 5, 5, 5, 5, 5, 5, 5, 5, 5, 5, 5, 6, 6, 6, 6, 6, 7, 7, 7, 7, 7, 7, 7, 7, 7, 9, 9, 9, 9, 9, 9, 9, 9, 9, 9, 9, 9, 9, 9, 9, 9, 9, 9, 9, 9, 9, 9, 9, 9, 9, 9, 9, 9, 9, 9]}, "t_oa": {"google.it": [1494800578.2260492, 1494800588.794539, 1494800600.69643, 1494800611.544667, 1494800625.030815, 1494800633.453922, 1494800637.3748531, 1494800641.015167, 1494800644.6141798, 1494800648.850026, 1494800653.408222, 1494800657.145127, 1494800661.502734, 1494800665.786896, 1494800670.049103, 1494800673.282744, 1494800676.5107281, 1494800680.294781, 1494800683.8957891, 1494800687.46162, 1494800690.989729, 1494800694.0676932, 1494800698.257164, 1494800702.410282, 1494800706.6900902, 1494800711.3263988, 1494800715.309653, 1494800719.48167, 1494800724.01685, 1494800728.183333, 1494800732.74371, 1494800736.8632262, 1494800740.465586, 1494800744.8640668, 1494800749.035006, 1494800751.965672, 1494800755.743073, 1494800759.610508, 1494800762.787023, 1494800766.881134, 1494800771.2821598, 1494800775.611171, 1494800779.74017, 1494800782.920413, 1494800786.491101, 1494800789.8863602, 1494800792.5478811, 1494800795.866011, 1494800798.674566, 1494800801.590862, 1494800805.127389, 1494800808.870935, 1494800812.652216, 1494800816.569555, 1494800820.327053, 1494800824.0825129, 1494800828.151797, 1494800832.0085258, 1494800835.734462, 1494800840.275871, 1494800844.778945, 1494800848.543573, 1494800852.242742, 1494800856.05433, 1494800860.372363, 1494800864.5855649, 1494800868.669485, 1494800872.9682848, 1494800876.958494, 1494800880.9368951, 1494800884.633458, 1494800888.102115, 1494800892.4972792, 1494800896.5429652, 1494800900.678605, 1494800904.267705, 1494800907.729644, 1494800911.96248, 1494800915.553447, 1494800919.006091, 1494800922.4110649, 1494800925.375279, 1494800927.5906532, 1494800930.8478029, 1494800934.623805, 1494800937.917824, 1494800941.332104, 1494800945.139576, 1494800948.937347, 1494800952.1624799, 1494800955.742248, 1494800959.877786, 1494800963.451566, 1494800967.4335759, 1494800971.7934299, 1494800975.55477, 1494800978.7916188, 1494800983.213738, 1494800986.896176, 1494800990.2455711], "yahoo.com": [1494800578.2260492, 1494800588.794539, 1494800600.69643, 1494800611.544667, 1494800625.030815, 1494800633.453922, 1494800637.3748531, 1494800641.015167, 1494800644.6141798, 1494800648.850026, 1494800653.408222, 1494800657.145127, 1494800661.502734, 1494800665.786896, 1494800670.049103, 1494800673.282744, 1494800676.5107281, 1494800680.294781, 1494800683.8957891, 1494800687.46162, 1494800690.989729, 1494800694.0676932, 1494800698.257164, 1494800702.410282, 1494800706.6900902, 1494800711.3263988, 1494800715.309653, 1494800719.48167, 1494800724.01685, 1494800728.183333, 1494800732.74371, 1494800736.8632262, 1494800740.465586, 1494800744.8640668, 1494800749.035006, 1494800751.965672, 1494800755.743073, 1494800759.610508, 1494800762.787023, 1494800766.881134, 1494800771.2821598, 1494800775.611171, 1494800779.74017, 1494800782.920413, 1494800786.491101, 1494800789.8863602, 1494800792.5478811, 1494800795.866011, 1494800798.674566, 1494800801.590862, 1494800805.127389, 1494800808.870935, 1494800812.652216, 1494800816.569555, 1494800820.327053, 1494800824.0825129, 1494800828.151797, 1494800832.0085258, 1494800835.734462, 1494800840.275871, 1494800844.778945, 1494800848.543573, 1494800852.242742, 1494800856.05433, 1494800860.372363, 1494800864.5855649, 1494800868.669485, 1494800872.9682848, 1494800876.958494, 1494800880.9368951, 1494800884.633458, 1494800888.102115, 1494800892.4972792, 1494800896.5429652, 1494800900.678605, 1494800904.267705, 1494800907.729644, 1494800911.96248, 1494800915.553447, 1494800919.006091, 1494800922.4110649, 1494800925.375279, 1494800927.5906532, 1494800930.8478029, 1494800934.623805, 1494800937.917824, 1494800941.332104, 1494800945.139576, 1494800948.937347, 1494800952.1624799, 1494800955.742248, 1494800959.877786, 1494800963.451566, 1494800967.4335759, 1494800971.7934299, 1494800975.55477, 1494800978.7916188, 1494800983.213738, 1494800986.896176, 1494800990.2455711], "gazzetta.it": [1494800578.2260492, 1494800588.794539, 1494800600.69643, 1494800611.544667, 1494800625.030815, 1494800633.453922, 1494800637.3748531, 1494800641.015167, 1494800644.6141798, 1494800648.850026, 1494800653.408222, 1494800657.145127, 1494800661.502734, 1494800665.786896, 1494800670.049103, 1494800673.282744, 1494800676.5107281, 1494800680.294781, 1494800683.8957891, 1494800687.46162, 1494800690.989729, 1494800694.0676932, 1494800698.257164, 1494800702.410282, 1494800706.6900902, 1494800711.3263988, 1494800715.309653, 1494800719.48167, 1494800724.01685, 1494800728.183333, 1494800732.74371, 1494800736.8632262, 1494800740.465586, 1494800744.8640668, 1494800749.035006, 1494800751.965672, 1494800755.743073, 1494800759.610508, 1494800762.787023, 1494800766.881134, 1494800771.2821598, 1494800775.611171, 1494800779.74017, 1494800782.920413, 1494800786.491101, 1494800789.8863602, 1494800792.5478811, 1494800795.866011, 1494800798.674566, 1494800801.590862, 1494800805.127389, 1494800808.870935, 1494800812.652216, 1494800816.569555, 1494800820.327053, 1494800824.0825129, 1494800828.151797, 1494800832.0085258, 1494800835.734462, 1494800840.275871, 1494800844.778945, 1494800848.543573, 1494800852.242742, 1494800856.05433, 1494800860.372363, 1494800864.5855649, 1494800868.669485, 1494800872.9682848, 1494800876.958494, 1494800880.9368951, 1494800884.633458, 1494800888.102115, 1494800892.4972792, 1494800896.5429652, 1494800900.678605, 1494800904.267705, 1494800907.729644, 1494800911.96248, 1494800915.553447, 1494800919.006091, 1494800922.4110649, 1494800925.375279, 1494800927.5906532, 1494800930.8478029, 1494800934.623805, 1494800937.917824, 1494800941.332104, 1494800945.139576, 1494800948.937347, 1494800952.1624799, 1494800955.742248, 1494800959.877786, 1494800963.451566, 1494800967.4335759, 1494800971.7934299, 1494800975.55477, 1494800978.7916188, 1494800983.213738, 1494800986.896176, 1494800990.2455711]}, "start": 1494800568.872677, "observed_attributes": ["google.it", "yahoo.com", "gazzetta.it"]}